,Type,Gender,Age,CARS,IQ,Happe.unlinked,Happe.human,Happe.ToM,Animation.GR1,Animation.GR2,Animation.GR3,Animation.intentionality,Animation.approriateness,Animation.length,rs2268498,rs53576,,,
1,ASD,F,15,29.5,108,11,11,5,4,5,2,25,20,31,AG,AG,,,
2,ASD,M,11,28.5,110,10,6,1,3,6,3,25,9,24,GG,AA,,,
3,ASD,F,14,37,103,4,1,1,6,3,1,12,12,24,AG,AG,,,
4,ASD,M,11,30,112,8,7,4,4,3,0,19,13,27,AG,GG,,,
5,ASD,M,11,31,107,12,5,2,3,5,1,28,10,33,AA,GG,,,
6,ASD,F,17,31.5,103,4,0,0,1,0,0,25,5,29,GG,AG,,,
7,ASD,M,8,31,134,7,12,9,4,3,2,27,15,25,AG,AG,,,
8,ASD,F,17,30,127,14,13,13,0,6,4,35,19,33,GG,AG,,,
9,ASD,M,12,37,98,0,0,0,1,0,0,4,2,4,AA,GG,,,
10,ASD,F,11,34,95,0,0,0,0,0,0,0,0,0,AG,AG,,,
11,ASD,M,12,26,110,6,0,1,4,2,0,23,10,38,AG,GG,,,
12,ASD,M,16,34,102,0,0,0,0,0,0,0,0,0,AG,GG,,,
13,ASD,M,11,25.5,124,9,8,12,3,0,3,23,11,39,AA,GG,,,
14,ASD,M,10,27,110,9,2,2,6,5,1,21,16,36,AG,AA,,,
15,ASD,M,11,32,93,0,0,0,0,0,0,0,0,0,AG,GG,,,
16,ASD,M,16,35.5,93,0,0,0,8,0,0,0,6,4,AA,GG,,,
17,ASD,F,15,27.5,109,4,10,10,6,3,4,21,19,36,AG,AG,,,
18,ASD,M,14,28,108,10,3,1,4,5,4,27,20,34,AG,AA,,,
19,ASD,M,8,27,112,6,6,8,1,3,4,32,19,42,AG,AA,,,
20,ASD,F,15,25.5,107,5,8,11,4,5,3,28,21,32,AG,GG,,,
21,ASD,M,13,35,117,6,2,4,5,3,2,22,15,23,GG,AG,,,
22,ASD,M,8,29,122,9,9,6,1,1,3,34,13,32,GG,AA,,,
23,ASD,M,12,26,107,6,5,6,3,3,1,29,16,32,AA,GG,,,
24,ASD,F,8,26.5,113,9,7,9,2,3,1,33,11,15,AA,AG,,,
25,ASD,M,10,25.5,107,9,11,9,5,4,4,24,23,32,GG,GG,,,
26,ASD,M,16,27.5,113,7,9,7,4,6,2,25,19,25,GG,AG,,,
27,ASD,M,8,27.5,118,4,3,2,2,4,0,28,9,25,AA,AG,,,
28,ASD,M,15,26.5,104,8,6,4,2,3,1,30,6,17,AG,AG,,,
29,ASD,M,9,29.5,106,7,6,4,4,3,0,22,10,28,AG,GG,,,
30,ASD,F,9,29.5,108,6,3,1,4,4,3,25,13,33,AG,AG,,,
31,ASD,M,15,30,101,4,2,1,4,0,1,11,5,7,AA,AG,,,
32,ASD,F,12,29,98,0,0,0,0,0,0,12,4,8,GG,AG,,,
33,ASD,M,13,25.5,128,8,14,16,3,6,3,26,18,29,AG,AG,,,
34,ASD,M,14,32,109,10,5,5,3,2,0,26,9,15,AG,AG,,,
35,ASD,M,10,26,123,7,8,12,4,5,4,32,20,34,AA,AG,,,
36,ASD,M,15,26.5,101,12,6,7,5,4,1,29,17,30,GG,AG,,,
37,ASD,M,16,28,124,4,3,2,4,2,1,19,9,18,GG,AG,,,
38,ASD,F,12,27.5,102,9,6,10,5,3,1,24,17,32,AA,GG,,,
39,ASD,M,9,26,119,6,10,9,1,5,2,32,14,36,AG,AA,,,
40,ASD,F,11,28.5,103,9,1,1,0,3,0,28,5,26,GG,AG,,,
41,ASD,M,11,26,109,12,5,6,7,3,2,23,15,32,AA,GG,,,
42,ASD,M,9,27,119,12,9,8,0,3,1,34,7,42,AG,AG,,,
43,ASD,M,8,27.5,112,6,2,1,1,1,1,24,4,29,GG,AG,,,
44,ASD,M,17,25.5,127,14,13,10,3,5,3,29,21,25,AG,AA,,,
45,HC,F,10,NA,121,12,11,12,3,5,3,30,19,35,AA,GG,,,
46,HC,F,12,NA,102,12,10,11,6,5,5,29,24,32,GG,AG,,,
47,HC,M,11,NA,128,10,12,11,3,5,4,30,24,40,AG,AG,,,
48,HC,M,13,NA,127,14,11,14,1,7,3,35,24,32,AA,GG,,,
49,HC,F,12,NA,118,9,10,14,4,8,5,32,27,34,AG,AG,,,
50,HC,M,9,NA,118,10,9,9,3,5,3,29,20,36,AG,AG,,,
51,HC,F,9,NA,97,6,9,10,5,2,2,25,22,33,AG,AG,,,
52,HC,F,9,NA,108,6,12,12,2,5,3,33,17,29,AG,GG,,,
53,HC,M,11,NA,118,8,11,15,3,5,5,29,24,29,AA,AG,,,
54,HC,F,9,NA,127,4,11,13,1,7,2,38,21,34,AA,AG,,,
55,HC,F,10,NA,127,12,11,16,4,7,5,32,29,36,AA,GG,,,
56,HC,F,15,NA,125,10,12,16,3,6,6,31,24,33,AA,GG,,,
57,HC,F,10,NA,127,9,11,12,2,5,3,33,20,40,AG,AG,,,
58,HC,M,10,NA,106,10,11,13,1,4,3,30,20,39,AG,AG,,,
59,HC,M,12,NA,107,4,11,12,1,5,6,37,20,40,GG,AA,,,
60,HC,F,15,NA,123,13,14,14,2,6,5,34,21,36,AG,GG,,,
61,HC,M,14,NA,113,12,11,13,2,6,6,34,23,33,GG,AG,,,
62,HC,M,11,NA,114,7,11,12,2,4,5,35,21,46,AG,AG,,,
63,HC,F,14,NA,119,8,14,14,4,6,5,30,23,35,AG,GG,,,
64,HC,M,13,NA,119,13,16,16,2,5,7,35,25,41,AA,GG,,,
65,HC,M,13,NA,123,11,13,14,1,6,5,36,21,33,AG,AG,,,
66,HC,M,8,NA,111,7,11,11,4,6,5,29,22,32,AA,GG,,,
67,HC,M,8,NA,122,10,10,9,3,5,4,29,19,39,AG,AG,,,
68,HC,F,10,NA,119,10,14,13,1,5,5,36,22,41,AA,AG,,,
69,HC,M,13,NA,113,8,12,14,4,6,5,30,23,34,AG,AG,,,
70,HC,M,15,NA,125,14,13,16,2,6,6,34,25,40,AA,AG,,,
71,HC,F,13,NA,109,12,11,13,5,3,3,30,22,32,AG,AG,,,
72,HC,F,10,NA,112,8,10,11,6,6,6,35,24,29,GG,AG,,,
73,HC,M,8,NA,102,8,8,9,2,5,5,34,17,35,AG,AG,,,
74,HC,M,8,NA,127,8,8,12,3,5,5,33,23,31,AG,AG,,,
75,HC,M,8,NA,117,10,13,11,4,4,3,26,21,37,AA,GG,,,
76,HC,F,16,NA,120,13,12,16,1,5,7,36,28,35,AA,GG,,,
77,HC,M,9,NA,109,7,6,12,3,6,4,31,23,38,AG,GG,,,
78,HC,F,11,NA,125,10,14,16,3,8,6,30,32,39,AA,AG,,,
79,HC,F,12,NA,123,11,12,14,2,4,3,28,24,31,AA,AG,,,
80,HC,M,13,NA,124,10,15,16,4,7,5,32,28,33,AA,GG,,,
81,HC,M,14,NA,116,15,14,14,4,6,6,33,29,30,AG,GG,,,
82,HC,M,17,NA,121,13,12,15,4,6,7,34,28,36,GG,GG,,,
83,HC,F,14,NA,121,10,15,14,3,6,7,34,25,38,GG,AA,,,
84,HC,M,10,NA,119,11,11,16,4,6,4,28,25,34,AA,AG,,,
85,HC,M,15,NA,130,8,14,16,5,4,6,35,27,34,AA,GG,,,
86,HC,M,12,NA,128,12,13,14,3,6,6,34,29,33,AG,AA,,,
87,HC,M,12,NA,116,12,13,15,4,6,5,30,27,38,AA,GG,,,
88,HC,M,12,NA,113,12,11,11,2,4,5,29,20,33,GG,GG,,,
